time,battery_percent,current_window,num_chrome_tabs,active_chrome_tab_url
2026-03-27T02:08:00-0400,100%,Microsoft Teams,38,https://www.google.com/search?q=openapi+generator+python+client+allow+uv+pyproject&oq=openapi+generator+python+client+allow+uv+pyproject&gs_lcrp=EgZjaHJvbWUyBggAEEUYOTIHCAEQIRigATIHCAIQIRiPAtIBCTExMDQzajBqN6gCALACAA&sourceid=chrome&ie=UTF-8
2026-03-27T03:46:00-0400,100%,Microsoft Teams,38,https://www.google.com/search?q=openapi+generator+python+client+allow+uv+pyproject&oq=openapi+generator+python+client+allow+uv+pyproject&gs_lcrp=EgZjaHJvbWUyBggAEEUYOTIHCAEQIRigATIHCAIQIRiPAtIBCTExMDQzajBqN6gCALACAA&sourceid=chrome&ie=UTF-8
2026-03-27T09:23:21-0400,100%,Microsoft Teams,38,https://www.google.com/search?q=openapi+generator+python+client+allow+uv+pyproject&oq=openapi+generator+python+client+allow+uv+pyproject&gs_lcrp=EgZjaHJvbWUyBggAEEUYOTIHCAEQIRigATIHCAIQIRiPAtIBCTExMDQzajBqN6gCALACAA&sourceid=chrome&ie=UTF-8
2026-03-27T09:25:04-0400,100%,Microsoft Teams,38,https://www.google.com/search?q=openapi+generator+python+client+allow+uv+pyproject&oq=openapi+generator+python+client+allow+uv+pyproject&gs_lcrp=EgZjaHJvbWUyBggAEEUYOTIHCAEQIRigATIHCAIQIRiPAtIBCTExMDQzajBqN6gCALACAA&sourceid=chrome&ie=UTF-8
2026-03-27T09:27:07-0400,100%,Microsoft Teams,38,https://www.google.com/search?q=openapi+generator+python+client+allow+uv+pyproject&oq=openapi+generator+python+client+allow+uv+pyproject&gs_lcrp=EgZjaHJvbWUyBggAEEUYOTIHCAEQIRigATIHCAIQIRiPAtIBCTExMDQzajBqN6gCALACAA&sourceid=chrome&ie=UTF-8
2026-03-27T09:28:36-0400,100%,Slack,38,https://www.google.com/search?q=openapi+generator+python+client+allow+uv+pyproject&oq=openapi+generator+python+client+allow+uv+pyproject&gs_lcrp=EgZjaHJvbWUyBggAEEUYOTIHCAEQIRigATIHCAIQIRiPAtIBCTExMDQzajBqN6gCALACAA&sourceid=chrome&ie=UTF-8
2026-03-27T09:30:00-0400,100%,Code,38,https://www.google.com/search?q=openapi+generator+python+client+allow+uv+pyproject&oq=openapi+generator+python+client+allow+uv+pyproject&gs_lcrp=EgZjaHJvbWUyBggAEEUYOTIHCAEQIRigATIHCAIQIRiPAtIBCTExMDQzajBqN6gCALACAA&sourceid=chrome&ie=UTF-8
2026-03-27T09:32:00-0400,100%,Google Chrome,38,https://openapi-generator.tech/docs/customization/
2026-03-27T09:34:00-0400,100%,Finder,39,https://www.google.com/search?q=openapi+generator+python+client+allow+uv+pyproject&oq=openapi+generator+python+client+allow+uv+pyproject&gs_lcrp=EgZjaHJvbWUyBggAEEUYOTIHCAEQIRigATIHCAIQIRiPAtIBCTExMDQzajBqN6gCALACAA&sourceid=chrome&ie=UTF-8
2026-03-27T09:36:00-0400,100%,Google Chrome,40,https://**REDACTED_GITHUB_LINK**.com/oce-assetmanagement/recon-api-server/pull/5/files
2026-03-27T09:38:00-0400,100%,Google Chrome,40,https://www.google.com/search?q=uv+convert+poetry+pyproject+toml+to+uv&oq=uv+convert+poetry+pyproject+toml+to+uv&gs_lcrp=EgZjaHJvbWUyBggAEEUYOTIHCAEQIRigATIHCAIQIRigATIHCAMQIRigATIHCAQQIRigATIHCAUQIRigATIHCAYQIRiPAjIHCAcQIRiPAtIBCDg3MDFqMGo3qAIAsAIA&sourceid=chrome&ie=UTF-8
2026-03-27T09:40:00-0400,100%,Code,30,https://app.asana.com/1/15492006741476/project/1211816961527249/task/1213409646558628
2026-03-27T09:42:00-0400,100%,Google Chrome,31,chrome://newtab/
2026-03-27T09:44:00-0400,100%,Google Chrome,33,https://mbta.sharepoint.com/sites/ReConEngDev/Shared%20Documents/Forms/AllItems.aspx?startedResponseCatch=true
2026-03-27T09:46:00-0400,100%,Google Chrome,33,https://**REDACTED_GITHUB_LINK**.com/oce-assetmanagement/recon-api-server/blob/RECON-1506-add-media/docs/architecture/api_temp_tag.md
2026-03-27T09:48:00-0400,100%,Microsoft Outlook,30,https://stackoverflow.com/questions/79118841/how-can-i-migrate-from-poetry-to-uv-package-manager
2026-03-27T09:50:01-0400,100%,Microsoft Outlook,23,https://openapi-generator.tech/docs/customization/
2026-03-27T09:52:00-0400,100%,Google Chrome,23,https://app.asana.com/1/15492006741476/project/1208150140911285/task/1212559224539207
2026-03-27T09:54:00-0400,100%,Google Chrome,24,https://solarwinds.mbta.com/Orion/SummaryView.aspx?ViewID=22
2026-03-27T09:56:01-0400,100%,Google Chrome,24,https://app.asana.com/1/15492006741476/project/1211816961527249/task/1213409646558628?focus=true
2026-03-27T09:58:00-0400,100%,Google Chrome,30,https://app.asana.com/1/15492006741476/project/1208150140911285/task/1213833651304846?focus=true
2026-03-27T10:00:00-0400,100%,Code,28,https://mbta.sharepoint.com/sites/ReConEngDev/Shared%20Documents/Forms/AllItems.aspx
2026-03-27T10:02:00-0400,100%,Google Chrome,29,https://**REDACTED_GITHUB_LINK**.com/oce-assetmanagement/recon-teamcity-sandbox/actions/runs/122557/job/124804
2026-03-27T10:04:00-0400,100%,Code,32,https://www.google.com/search?q=uv+show+current+python+version&oq=uv+show+current+py&gs_lcrp=EgZjaHJvbWUqBwgAEAAYgAQyBwgAEAAYgAQyBggBEEUYOTINCAIQABiGAxiABBiKBTINCAMQABiGAxiABBiKBTIKCAQQABiABBiiBDIHCAUQABjvBTIKCAYQABiiBBiJBTIKCAcQABiABBiiBDIHCAgQABjvBdIBCDM4NDhqMGo3qAIAsAIA&sourceid=chrome&ie=UTF-8
2026-03-27T10:06:00-0400,100%,Google Chrome,32,https://**REDACTED_GITHUB_LINK**.com/oce-assetmanagement/recon-splunk-vcs/pull/39/files
2026-03-27T10:08:00-0400,100%,Code,32,https://**REDACTED_GITHUB_LINK**.com/oce-assetmanagement/recon-teamcity-sandbox/actions/runs/122559/job/124807
2026-03-27T10:10:01-0400,100%,Google Chrome,34,https://**REDACTED_GITHUB_LINK**.com/oce-assetmanagement/recon-api-server/pull/5
2026-03-27T10:12:00-0400,100%,Google Chrome,35,https://**REDACTED_GITHUB_LINK**.com/oce-assetmanagement/recon-splunk-vcs/pull/39/files
2026-03-27T10:14:00-0400,100%,Google Chrome,34,https://**REDACTED_GITHUB_LINK**.com/oce-assetmanagement/recon-api-server/pull/5/files
2026-03-27T10:16:00-0400,100%,Google Chrome,35,https://**REDACTED_GITHUB_LINK**.com/oce-assetmanagement/recon-api-server/pull/5/files#diff-d33963d3d8790a530e4eaac11dc919f8053029bcb141a45a44071008fa229ad2L28
2026-03-27T10:18:00-0400,100%,Google Chrome,35,https://**REDACTED_GITHUB_LINK**.com/organizations/oce-assetmanagement/settings/secrets/actions
2026-03-27T10:20:00-0400,100%,Google Chrome,37,https://www.structlog.org/en/stable/processors.html
2026-03-27T10:22:00-0400,100%,Google Chrome,38,https://**REDACTED_GITHUB_LINK**.com/oce-assetmanagement/recon-splunk-vcs/pull/39
2026-03-27T10:24:00-0400,100%,Google Chrome,33,https://app.asana.com/1/15492006741476/project/1211816961527249/task/1213409646558628
2026-03-27T10:26:00-0400,100%,Google Chrome,35,https://**REDACTED_GITHUB_LINK**.com/organizations/oce-assetmanagement/settings/secrets/actions
2026-03-27T10:28:00-0400,100%,Google Chrome,35,https://**REDACTED_GITHUB_LINK**.com/organizations/oce-assetmanagement/settings/org_role_assignments?query=tnguyen5
2026-03-27T10:30:01-0400,100%,Google Chrome,35,https://**REDACTED_GITHUB_LINK**.com/oce-assetmanagement/recon-api-server/pull/5/files/41f9307f9e13596823380fb036373f3a3527a2fe#diff-a714eca19b6f8db4dbfbd978aa5325b98cc0550fe4c1e7953e8b1eb136cb925a
2026-03-27T10:32:00-0400,100%,Code,35,https://**REDACTED_GITHUB_LINK**.com/oce-assetmanagement/recon-web-applications/pull/64
2026-03-27T10:34:00-0400,100%,Code,35,https://**REDACTED_GITHUB_LINK**.com/oce-assetmanagement/recon-web-applications/pull/64
2026-03-27T10:36:00-0400,100%,Google Chrome,36,https://www.google.com/search?q=chromedriver+verbose+log&oq=chromedriver+verbose+log&gs_lcrp=EgZjaHJvbWUyBggAEEUYOTIICAEQABgWGB4yCAgCEAAYFhgeMggIAxAAGBYYHjIICAQQABgWGB4yCAgFEAAYFhgeMggIBhAAGBYYHjIHCAcQABjvBTIKCAgQABiABBiiBNIBCDI2OTFqMGo3qAIAsAIA&sourceid=chrome&ie=UTF-8
2026-03-27T10:38:00-0400,100%,Google Chrome,37,https://www.google.com/search?q=chromedriver+verbose+log+selenium+javascript&sca_esv=ef91e3cdcba5483e&ei=wJXGaaKKOaWx5NoP5avL-QE&biw=1920&bih=929&ved=0ahUKEwii6rzUpsCTAxWlGFkFHeXVMh8Q4dUDCBE&uact=5&oq=chromedriver+verbose+log+selenium+javascript&gs_lp=Egxnd3Mtd2l6LXNlcnAiLGNocm9tZWRyaXZlciB2ZXJib3NlIGxvZyBzZWxlbml1bSBqYXZhc2NyaXB0MgUQIRigATIFECEYoAEyBRAhGKABMgUQIRigATIFECEYqwIyBRAhGKsCMgUQIRirAkiXMVCBBFisMHACeAGQAQCYAYoBoAHkC6oBBDE4LjO4AQPIAQD4AQGYAhegAs8MwgIKEAAYRxjWBBiwA8ICBhAAGBYYHsICBRAAGO8FwgIIEAAYgAQYogTCAgUQIRifBcICBxAhGAoYoAGYAwCIBgGQBgiSBwQyMC4zoAeoc7IHBDE4LjO4B8cMwgcGMC4xOC41yAc4gAgB&sclient=gws-wiz-serp
2026-03-27T10:40:00-0400,100%,Google Chrome,39,https://**REDACTED_GITHUB_LINK**.com/oce-assetmanagement/recon-api-server/pull/5#discussion_r4467
2026-03-27T10:42:00-0400,100%,Google Chrome,41,https://www.google.com/search?q=chrome+options+verbose+and+log+path+not+working&oq=chrome+options+verbose+and+log+path+not+working&gs_lcrp=EgZjaHJvbWUyCQgAEEUYORigATIHCAEQIRigAdIBCDYwNjlqMGo3qAIAsAIA&sourceid=chrome&ie=UTF-8
2026-03-27T10:44:00-0400,100%,Code,41,https://www.google.com/search?q=chrome+options+verbose+and+log+path+not+working&oq=chrome+options+verbose+and+log+path+not+working&gs_lcrp=EgZjaHJvbWUyCQgAEEUYORigATIHCAEQIRigAdIBCDYwNjlqMGo3qAIAsAIA&sourceid=chrome&ie=UTF-8
2026-03-27T10:46:00-0400,100%,Google Chrome,39,https://**REDACTED_GITHUB_LINK**.com/oce-assetmanagement/recon-api-server/pull/5
2026-03-27T10:48:00-0400,100%,Code,36,https://github.com/flashinfer-ai/flashinfer/issues/1124
2026-03-27T10:50:00-0400,100%,Google Chrome,38,https://bustudents-ma.vectorlmsedu.com/training/launch/course_work/309D8198-29EC-11F1-A28F-934F2543E412?use_session=1
2026-03-27T10:52:00-0400,100%,Slack,38,https://**REDACTED_GITHUB_LINK**.com/oce-assetmanagement/recon-teamcity-sandbox/actions/runs/122575/job/124825
2026-03-27T10:54:00-0400,100%,Slack,38,https://**REDACTED_GITHUB_LINK**.com/oce-assetmanagement/recon-teamcity-sandbox/actions/runs/122575/job/124825
2026-03-27T10:56:00-0400,100%,Google Chrome,38,https://bustudents-ma.vectorlmsedu.com/training/player/B7C3A254-7ECC-11F0-AADB-BE0046D50FE5/309D8198-29EC-11F1-A28F-934F2543E412?continue_course=1
2026-03-27T10:58:00-0400,100%,Google Chrome,38,https://**REDACTED_GITHUB_LINK**.com/oce-assetmanagement/recon-teamcity-sandbox/actions/runs/122575/job/124825
2026-03-27T11:00:00-0400,100%,Google Chrome,40,https://www.google.com/search?q=uv+installing+python+versions+automatically&oq=uv+installing+python+versions+automatically&gs_lcrp=EgZjaHJvbWUyBggAEEUYOTIHCAEQIRigATIHCAIQIRigATIHCAMQIRifBdIBCDYxOTlqMGo3qAIAsAIA&sourceid=chrome&ie=UTF-8
2026-03-27T11:02:00-0400,100%,Slack,39,https://mbta.sharepoint.com/:x:/r/sites/ReConEngDev/_layouts/15/Doc.aspx?sourcedoc=%7B91593B0E-0439-4939-A89A-BFC2E4011C3C%7D&file=ReConEng%20Dev%20Team%20Standup.xlsx&action=default&mobileredirect=true
2026-03-27T11:04:00-0400,100%,Google Chrome,39,https://app.asana.com/1/15492006741476/project/1208150140911285/list/1208150295590436
2026-03-27T11:06:00-0400,100%,Google Chrome,40,https://solarwinds.mbta.com/Orion/SummaryView.aspx?ViewID=22
2026-03-27T11:08:01-0400,100%,Microsoft Teams,39,https://**REDACTED_GITHUB_LINK**.com/oce-assetmanagement/recon-teamcity-sandbox/actions/runs/122579/job/124829
2026-03-27T11:10:00-0400,100%,Google Chrome,38,https://**REDACTED_GITHUB_LINK**.com/oce-assetmanagement/recon-teamcity-sandbox/actions/runs/122579/job/124829
2026-03-27T11:12:00-0400,100%,Google Chrome,40,https://www.google.com/search?q=setuptools+python+long+file+names+copy+fail&oq=setuptools+python+long+file+names+copy+fail&gs_lcrp=EgZjaHJvbWUyBggAEEUYOTIHCAEQIRigATIHCAIQIRigATIHCAMQIRiPAtIBCDcyMzdqMGo3qAIAsAIA&sourceid=chrome&ie=UTF-8
2026-03-27T11:14:00-0400,100%,Microsoft Teams,40,https://github.com/pypa/setuptools/issues/4177
2026-03-27T11:16:00-0400,100%,Microsoft Teams,41,https://**REDACTED_SPLUNK_LINK**.splunkcloud.com/en-US/app/search/search?q=search%20index%3Drecon-test&display.page.search.mode=smart&dispatch.sample_ratio=1&earliest=-30m%40m&latest=now&sid=1774624511.88187
2026-03-27T11:18:00-0400,100%,Google Chrome,42,https://**REDACTED_SPLUNK_LINK**.splunkcloud.com/en-US/app/search/reconeng_application_monitoring_test
2026-03-27T11:20:00-0400,100%,Google Chrome,43,https://app.asana.com/1/15492006741476/project/1208150140911285/task/1213834162344359?focus=true
2026-03-27T11:22:00-0400,100%,Microsoft Teams,46,https://app.asana.com/1/15492006741476/project/1210076201462825/list/1210076089504733
2026-03-27T11:24:00-0400,100%,Google Chrome,46,https://app.asana.com/1/15492006741476/project/1210076201462825/task/1213823874892783
2026-03-27T11:26:00-0400,100%,Google Chrome,46,https://app.asana.com/1/15492006741476/project/1210076201462825/board/1210076089504734
2026-03-27T11:28:00-0400,100%,Google Chrome,47,https://app.asana.com/1/15492006741476/project/1210076201462825/board/1210076089504734
2026-03-27T11:30:00-0400,100%,Microsoft Teams,47,https://app.asana.com/1/15492006741476/project/1210076201462825/board/1210076089504734
2026-03-27T11:32:00-0400,100%,Microsoft Teams,47,https://app.asana.com/1/15492006741476/project/1210076201462825/board/1210076089504734
2026-03-27T11:34:00-0400,100%,Microsoft Teams,47,https://app.asana.com/1/15492006741476/project/1210076201462825/board/1210076089504734
2026-03-27T11:36:00-0400,100%,Microsoft Teams,47,https://app.asana.com/1/15492006741476/project/1210076201462825/board/1210076089504734
2026-03-27T11:38:01-0400,100%,Microsoft Teams,47,https://app.asana.com/1/15492006741476/project/1210076201462825/board/1210076089504734
2026-03-27T11:40:00-0400,100%,Microsoft Teams,48,https://app.asana.com/1/15492006741476/project/1210076201462825/board/1210076089504734
2026-03-27T11:42:00-0400,100%,Microsoft Teams,48,https://app.asana.com/1/15492006741476/project/1209320181276845/list/1210124724621144
2026-03-27T11:44:00-0400,100%,Microsoft Teams,48,https://app.asana.com/1/15492006741476/project/1210076201462825/board/1210076089504734
2026-03-27T11:46:00-0400,100%,Microsoft Teams,48,https://app.asana.com/1/15492006741476/project/1210076201462825/board/1210076089504734
2026-03-27T11:48:00-0400,100%,Microsoft Teams,48,https://app.asana.com/1/15492006741476/project/1210076201462825/board/1210076089504734
2026-03-27T11:50:00-0400,100%,Microsoft Teams,48,https://app.asana.com/1/15492006741476/project/1210076201462825/board/1210076089504734
2026-03-27T11:52:00-0400,100%,Microsoft Teams,48,https://app.asana.com/1/15492006741476/project/1210076201462825/board/1210076089504734
2026-03-27T11:54:00-0400,100%,Microsoft Teams,48,https://app.asana.com/1/15492006741476/project/1210076201462825/board/1210076089504734
2026-03-27T11:56:01-0400,100%,Google Chrome,48,https://app.asana.com/1/15492006741476/project/1210076201462825/board/1210076089504734
2026-03-27T11:58:19-0400,100%,Microsoft Outlook,48,http://localhost:3000/
2026-03-27T12:52:01-0400,100%,Slack,48,https://**REDACTED_GITHUB_LINK**.com/oce-assetmanagement/recon-common-core-library/blob/main/recon_common_core/logger_handler.py
2026-03-27T12:54:00-0400,100%,Google Chrome,48,https://**REDACTED_GITHUB_LINK**.com/pulls?q=org%3Aoce-assetmanagement+is%3Aopen+is%3Apr+-is%3Adraft+author%3Apdang+label%3A%22needs+review%22+
2026-03-27T12:56:00-0400,100%,Google Chrome,49,https://**REDACTED_GITHUB_LINK**.com/oce-assetmanagement/recon-splunk-vcs/pull/51
2026-03-27T12:58:00-0400,100%,Microsoft Outlook,41,https://**REDACTED_GITHUB_LINK**.com/oce-assetmanagement/recon-teamcity-sandbox/actions/runs/122579/job/124829
2026-03-27T13:00:01-0400,100%,Code,42,https://www.google.com/search?q=openapi+client+generator+%5Bstderr%5D+error%3A+could+not+create&oq=openapi+client+generator+%5Bstderr%5D+error%3A+could+not+create&gs_lcrp=EgZjaHJvbWUyBggAEEUYOTIHCAEQIRiPAjIHCAIQIRiPAtIBCDQyMzdqMGo3qAIAsAIA&sourceid=chrome&ie=UTF-8
2026-03-27T13:02:00-0400,100%,Google Chrome,42,https://**REDACTED_GITHUB_LINK**.com/oce-assetmanagement/recon-teamcity-sandbox/actions/runs/122579/job/124829
2026-03-27T13:04:00-0400,100%,Slack,42,https://**REDACTED_GITHUB_LINK**.com/oce-assetmanagement/recon-teamcity-sandbox/actions/runs/122579/job/124829
2026-03-27T13:06:00-0400,100%,Code,42,https://**REDACTED_GITHUB_LINK**.com/oce-assetmanagement/recon-teamcity-sandbox/actions/runs/122579/job/124829
2026-03-27T13:08:00-0400,100%,Slack,42,https://**REDACTED_GITHUB_LINK**.com/oce-assetmanagement/recon-teamcity-sandbox/actions/runs/122579/job/124829
2026-03-27T13:10:00-0400,100%,Windows App,42,https://**REDACTED_GITHUB_LINK**.com/oce-assetmanagement/recon-teamcity-sandbox/actions/runs/122579/job/124829
2026-03-27T13:12:00-0400,100%,Windows App,42,https://**REDACTED_GITHUB_LINK**.com/oce-assetmanagement/recon-teamcity-sandbox/actions/runs/122579/job/124829
2026-03-27T13:14:01-0400,100%,Slack,23,https://**REDACTED_GITHUB_LINK**.com/oce-assetmanagement/recon-teamcity-sandbox/actions/runs/122579/job/124829
2026-03-27T13:16:00-0400,100%,Google Chrome,24,https://bostonuncovered.com/bullet-train-boston-nyc/#:~:text=Opted%20In-,After%20Decades%20Of%20Waiting%2C%20Construction%20On%20This%20225%20MPH%20Bullet,the%20end%20of%20the%20decade.
2026-03-27T13:18:00-0400,100%,Google Chrome,25,https://docs.astral.sh/uv/concepts/configuration-files/
2026-03-27T13:20:00-0400,100%,Microsoft Outlook,25,https://docs.astral.sh/uv/concepts/configuration-files/
2026-03-27T13:22:01-0400,100%,Slack,25,https://docs.astral.sh/uv/concepts/configuration-files/
2026-03-27T13:24:00-0400,100%,Microsoft Outlook,26,https://**REDACTED_GITHUB_LINK**.com/oce-assetmanagement/recon-teamcity-sandbox/actions/runs/122579/job/124829
2026-03-27T13:26:00-0400,100%,Google Chrome,26,https://**REDACTED_GITHUB_LINK**.com/oce-assetmanagement/recon-teamcity-sandbox/actions/runs/122625/job/124876
2026-03-27T13:28:00-0400,100%,Google Chrome,30,https://www.google.com/search?q=windows+9+file+length+limit&oq=windows+9+file+length+limit&gs_lcrp=EgZjaHJvbWUyCQgAEEUYORigATIHCAEQIRirAjIHCAIQIRirAjIHCAMQIRifBTIHCAQQIRifBTIHCAUQIRifBTIHCAYQIRifBTIHCAcQIRifBTIHCAgQIRifBTIHCAkQIRifBdIBCDY2MTBqMGo3qAIAsAIA&sourceid=chrome&ie=UTF-8
2026-03-27T13:30:00-0400,100%,Code,31,https://learn.microsoft.com/en-us/windows/win32/fileio/maximum-file-path-limitation?tabs=registry
2026-03-27T13:32:01-0400,100%,Code,29,https://**REDACTED_GITHUB_LINK**.com/oce-assetmanagement/trapeze-api-client-python/commits/laya-RECON-1615/
2026-03-27T13:34:00-0400,100%,Google Chrome,29,https://app.asana.com/1/15492006741476/project/1211816961527249/task/1213409646558628?focus=true
2026-03-27T13:36:00-0400,100%,Google Chrome,29,https://**REDACTED_GITHUB_LINK**.com/oce-assetmanagement/recon-teamcity-sandbox/actions/runs/122236/job/124477
2026-03-27T13:38:00-0400,100%,Code,29,https://**REDACTED_GITHUB_LINK**.com/oce-assetmanagement/recon-teamcity-sandbox/actions/runs/122236/job/124477
2026-03-27T13:40:01-0400,100%,Google Chrome,30,https://form.asana.com/?k=waCJYsHS0Wn2DRDP6i6H1A&d=15492006741476
2026-03-27T13:42:00-0400,100%,Google Chrome,30,https://form.asana.com/?k=waCJYsHS0Wn2DRDP6i6H1A&d=15492006741476
2026-03-27T13:44:00-0400,100%,Google Chrome,31,https://app.asana.com/1/15492006741476/project/1208150140911285/task/1213834162344359?focus=true
2026-03-27T13:46:00-0400,100%,Google Chrome,31,https://app.asana.com/1/15492006741476/project/1208150140911285/task/1213834162344359?focus=true
2026-03-27T13:48:00-0400,100%,Google Chrome,32,https://app.asana.com/1/15492006741476/project/1208150140911285/task/1213834162344359?focus=true
2026-03-27T13:50:00-0400,100%,Code,29,https://**REDACTED_GITHUB_LINK**.com/oce-assetmanagement/recon-teamcity-sandbox/actions/runs/122236/job/124477
2026-03-27T13:52:00-0400,100%,Google Chrome,31,https://**REDACTED_SPLUNK_LINK**.splunkcloud.com/en-US/app/search/search?s=%2FservicesNS%2Fnobody%2Fsearch%2Fsaved%2Fsearches%2FReConEng%252024%2520Hour%2520Process%2520Summaries%2520-%2520Not%2520Producing%2520Logs%2520Message&display.page.search.mode=smart&dispatch.sample_ratio=1&q=search%20index%3Drecon%20%22LOG_TYPE%3Dinfo%22%20PROCESSNAME%3Dtfm_email_notifications_24_hour_summary_all_shops%20OR%20PROCESSNAME%3Dtfm_email_notifications_24_hour_summary_cleaning_pest_only%20OR%20PROCESSNAME%3Dgeneral_notification_24h_summary&earliest=-1h%40h&latest=now&sid=1774633920.92346
2026-03-27T13:54:00-0400,100%,Slack,28,https://app.asana.com/1/15492006741476/project/1208150140911285/task/1213836225319655?focus=true
2026-03-27T13:56:00-0400,100%,Google Chrome,27,https://**REDACTED_GITHUB_LINK**.com/oce-assetmanagement/trapeze-api-oas/compare/RECON-1615?expand=1
2026-03-27T13:58:00-0400,100%,Google Chrome,27,https://**REDACTED_GITHUB_LINK**.com/oce-assetmanagement/recon-automations/actions/runs/108966/job/110173
2026-03-27T14:00:00-0400,100%,Google Chrome,27,https://**REDACTED_GITHUB_LINK**.com/oce-assetmanagement/trapeze-api-oas/compare/RECON-1615?expand=1
2026-03-27T14:02:01-0400,100%,Google Chrome,27,https://**REDACTED_GITHUB_LINK**.com/oce-assetmanagement/trapeze-api-oas/compare/RECON-1615?expand=1
2026-03-27T14:04:00-0400,100%,Code,27,https://**REDACTED_GITHUB_LINK**.com/oce-assetmanagement/trapeze-api-oas/pull/62
2026-03-27T14:06:00-0400,100%,Google Chrome,27,https://bustudents-ma.vectorlmsedu.com/training/player/BE04E83E-7EBE-11F0-AFAD-03FFE095217B/309D8198-29EC-11F1-A28F-934F2543E412?continue_course=1
2026-03-27T14:08:00-0400,100%,Slack,27,http://localhost:3000/
2026-03-27T14:10:00-0400,100%,Google Chrome,26,https://www.bu.edu/mybu/mybu-login-error/
2026-03-27T14:12:00-0400,100%,Google Chrome,28,https://bustudents-ma.vectorlmsedu.com/training/player/BE04E83E-7EBE-11F0-AFAD-03FFE095217B/309D8198-29EC-11F1-A28F-934F2543E412?continue_course=1
2026-03-27T14:14:00-0400,100%,Google Chrome,28,https://bustudents-ma.vectorlmsedu.com/training/player/BF0232AA-7EBE-11F0-AFAD-03FFE095217B/309D8198-29EC-11F1-A28F-934F2543E412?continue_course=1
2026-03-27T14:16:01-0400,100%,Google Chrome,28,https://bustudents-ma.vectorlmsedu.com/training/player/BF0232AA-7EBE-11F0-AFAD-03FFE095217B/309D8198-29EC-11F1-A28F-934F2543E412?continue_course=1
2026-03-27T14:18:00-0400,100%,Google Chrome,28,https://bustudents-ma.vectorlmsedu.com/training/player/BF0232AA-7EBE-11F0-AFAD-03FFE095217B/309D8198-29EC-11F1-A28F-934F2543E412?continue_course=1
2026-03-27T14:20:00-0400,100%,Google Chrome,28,https://bustudents-ma.vectorlmsedu.com/training/player/C08389F8-7EBE-11F0-AFAD-03FFE095217B/309D8198-29EC-11F1-A28F-934F2543E412?continue_course=1
2026-03-27T14:22:00-0400,100%,Slack,28,http://localhost:3000/
2026-03-27T14:24:00-0400,100%,Google Chrome,28,https://bustudents-ma.vectorlmsedu.com/training/player/C08389F8-7EBE-11F0-AFAD-03FFE095217B/309D8198-29EC-11F1-A28F-934F2543E412?continue_course=1
2026-03-27T14:26:00-0400,99%,Google Chrome,28,https://bustudents-ma.vectorlmsedu.com/training/player/C1F3B448-7EBE-11F0-AFAD-03FFE095217B/309D8198-29EC-11F1-A28F-934F2543E412?continue_course=1
2026-03-27T14:28:01-0400,99%,Google Chrome,28,https://bustudents-ma.vectorlmsedu.com/training/player/C1F3B448-7EBE-11F0-AFAD-03FFE095217B/309D8198-29EC-11F1-A28F-934F2543E412?continue_course=1
2026-03-27T14:30:00-0400,99%,Google Chrome,28,https://bustudents-ma.vectorlmsedu.com/training/player/C1F3B448-7EBE-11F0-AFAD-03FFE095217B/309D8198-29EC-11F1-A28F-934F2543E412?continue_course=1
2026-03-27T14:32:00-0400,99%,Google Chrome,28,https://bustudents-ma.vectorlmsedu.com/training/player/C1F3B448-7EBE-11F0-AFAD-03FFE095217B/309D8198-29EC-11F1-A28F-934F2543E412?continue_course=1
2026-03-27T14:34:00-0400,98%,Google Chrome,28,https://bustudents-ma.vectorlmsedu.com/training/player/C1F3B448-7EBE-11F0-AFAD-03FFE095217B/309D8198-29EC-11F1-A28F-934F2543E412?continue_course=1
2026-03-27T14:36:00-0400,98%,Google Chrome,28,https://bustudents-ma.vectorlmsedu.com/training/player/C1F3B448-7EBE-11F0-AFAD-03FFE095217B/309D8198-29EC-11F1-A28F-934F2543E412?continue_course=1
2026-03-27T14:38:00-0400,98%,Google Chrome,28,https://bustudents-ma.vectorlmsedu.com/training/player/C1F3B448-7EBE-11F0-AFAD-03FFE095217B/309D8198-29EC-11F1-A28F-934F2543E412?continue_course=1
2026-03-27T14:40:00-0400,98%,Google Chrome,27,https://bustudents-ma.vectorlmsedu.com/training/player/C5B9D4AE-7EBE-11F0-AFAD-03FFE095217B/309D8198-29EC-11F1-A28F-934F2543E412?continue_course=1
2026-03-27T14:42:00-0400,97%,Google Chrome,27,https://bustudents-ma.vectorlmsedu.com/training/player/C5B9D4AE-7EBE-11F0-AFAD-03FFE095217B/309D8198-29EC-11F1-A28F-934F2543E412?continue_course=1
2026-03-27T14:44:00-0400,97%,Google Chrome,27,https://bustudents-ma.vectorlmsedu.com/training/player/C5B9D4AE-7EBE-11F0-AFAD-03FFE095217B/309D8198-29EC-11F1-A28F-934F2543E412?continue_course=1
2026-03-27T14:46:01-0400,97%,Google Chrome,27,https://bustudents-ma.vectorlmsedu.com/training/player/C5B9D4AE-7EBE-11F0-AFAD-03FFE095217B/309D8198-29EC-11F1-A28F-934F2543E412?continue_course=1
2026-03-27T14:48:00-0400,96%,Google Chrome,27,https://bustudents-ma.vectorlmsedu.com/training/player/C5B9D4AE-7EBE-11F0-AFAD-03FFE095217B/309D8198-29EC-11F1-A28F-934F2543E412?continue_course=1
2026-03-27T14:50:00-0400,96%,Google Chrome,28,https://bustudents-ma.vectorlmsedu.com/training/player/C5B9D4AE-7EBE-11F0-AFAD-03FFE095217B/309D8198-29EC-11F1-A28F-934F2543E412?continue_course=1
2026-03-27T14:52:00-0400,96%,Slack,28,https://**REDACTED_GITHUB_LINK**.com/oce-assetmanagement/trapeze-api-oas/actions/runs/122651/job/124904
2026-03-27T14:54:01-0400,96%,Google Chrome,29,https://bustudents-ma.vectorlmsedu.com/training/player/C5B9D4AE-7EBE-11F0-AFAD-03FFE095217B/309D8198-29EC-11F1-A28F-934F2543E412?continue_course=1
2026-03-27T14:56:00-0400,96%,Google Chrome,29,https://bustudents-ma.vectorlmsedu.com/training/player/B792A352-7ECC-11F0-916F-C33EA8155516/309D8198-29EC-11F1-A28F-934F2543E412?continue_course=1
2026-03-27T14:58:00-0400,97%,Google Chrome,25,https://**REDACTED_GITHUB_LINK**.com/oce-assetmanagement/trapeze-api-client-python/tree/develop-RECON-1615
2026-03-27T15:00:00-0400,98%,Google Chrome,26,https://**REDACTED_GITHUB_LINK**.com/oce-assetmanagement/recon-teamcity-sandbox/actions/workflows/AWEAMTSTRCAPP01.yml
2026-03-27T15:02:00-0400,98%,Microsoft Teams,27,https://**REDACTED_GITHUB_LINK**.com/oce-assetmanagement/recon-teamcity-sandbox/actions/runs/122656/job/124910
2026-03-27T15:04:00-0400,99%,Microsoft Teams,27,https://**REDACTED_GITHUB_LINK**.com/oce-assetmanagement/recon-teamcity-sandbox/actions/runs/122656/job/124910
2026-03-27T15:06:00-0400,99%,Google Chrome,28,https://app.asana.com/1/15492006741476/project/1209320181276845/list/1210124724621144
2026-03-27T15:08:00-0400,99%,Google Chrome,29,https://app.asana.com/1/15492006741476/project/1211816961527249/list/1211817023684822
2026-03-27T15:10:00-0400,99%,Microsoft Teams,31,chrome://newtab/
2026-03-27T15:12:01-0400,100%,Google Chrome,32,https://mbta.service-now.com/now/nav/ui/classic/params/target/%2Fincident.do%3Fsys_id%3D6675c84f83537e1098af7f226daad3a9%26sysparm_view%3D
2026-03-27T15:14:00-0400,100%,Google Chrome,38,https://mbta.service-now.com/incident.do?sys_id=0a532af51b16a6507df162c7b04bcb6d&sysparm_record_target=incident&sysparm_record_row=73&sysparm_record_rows=206&sysparm_record_list=sys_id%21%3D6675c84f83537e1098af7f226daad3a9%5Ecaller_id%3Da57d597a1b037910ad81c806604bcb96%5EORDERBYDESCnumber
2026-03-27T15:16:00-0400,100%,Microsoft Teams,38,https://mbta.service-now.com/sys_user.do?sys_id=a57d597a1b037910ad81c806604bcb96
2026-03-27T15:18:00-0400,100%,Google Chrome,39,https://form.asana.com/?k=waCJYsHS0Wn2DRDP6i6H1A&d=15492006741476
2026-03-27T15:20:00-0400,100%,Google Chrome,39,https://form.asana.com/?k=waCJYsHS0Wn2DRDP6i6H1A&d=15492006741476
2026-03-27T15:22:01-0400,100%,Google Chrome,38,https://playscrummy.com/#reconeng
2026-03-27T15:24:00-0400,100%,Microsoft Teams,39,https://app.asana.com/1/15492006741476/project/1208150140911285/list/1209550527119416
2026-03-27T15:26:00-0400,100%,Google Chrome,39,https://app.asana.com/1/15492006741476/project/1208150140911285/task/1213813568952154
2026-03-27T15:28:00-0400,100%,Google Chrome,39,https://app.asana.com/1/15492006741476/project/1209320181276845/list/1209320519001389
2026-03-27T15:30:00-0400,100%,Microsoft Teams,39,https://mbta.service-now.com/incident.do?sys_id=ba0da30e33f7f254d89c951c7d5c7b56&sysparm_record_target=incident&sysparm_record_row=1&sysparm_record_rows=206&sysparm_record_list=sys_id%21%3D6675c84f83537e1098af7f226daad3a9%5Ecaller_id%3Da57d597a1b037910ad81c806604bcb96%5EORDERBYDESCnumber
2026-03-27T15:32:01-0400,100%,Google Chrome,39,https://app.asana.com/1/15492006741476/project/1209320181276845/list/1209320519001389
2026-03-27T15:34:00-0400,100%,Microsoft Teams,39,https://playscrummy.com/#reconeng
2026-03-27T15:36:00-0400,100%,Microsoft Teams,39,https://playscrummy.com/#reconeng
2026-03-27T15:38:00-0400,100%,Microsoft Teams,40,https://support.google.com/analytics/answer/9304153?hl=en#zippy=%2Cweb%2Cadd-the-google-tag-directly-to-your-web-pages
2026-03-27T15:40:00-0400,100%,Microsoft Teams,40,https://support.google.com/analytics/answer/9304153?hl=en#zippy=%2Cweb%2Cadd-the-google-tag-directly-to-your-web-pages
2026-03-27T15:42:01-0400,100%,Microsoft Teams,39,https://app.asana.com/1/15492006741476/project/1209320181276845/list/1209320519001389
2026-03-27T15:44:00-0400,100%,Google Chrome,40,https://eamtst22.mbta.com/eamtest22/Tools/GetResource.aspx?r=fafile:///82e6ff32-0770-4111-a14d-704987cd8495
2026-03-27T15:46:00-0400,100%,Google Chrome,39,https://app.asana.com/1/15492006741476/project/1208150140911285/task/1213813568952154
2026-03-27T15:48:00-0400,100%,Safari,40,chrome://newtab/
2026-03-27T15:50:01-0400,100%,Microsoft Teams,39,https://app.asana.com/1/15492006741476/project/1208150140911285/task/1213820387299814
2026-03-27T15:52:00-0400,100%,Google Chrome,40,https://eamtst22.mbta.com/eamtest22/Tools/GetResource.aspx
2026-03-27T15:54:00-0400,100%,Google Chrome,39,https://app.asana.com/1/15492006741476/project/1208150140911285/task/1213820387299814
2026-03-27T15:56:00-0400,100%,Google Chrome,40,https://app.asana.com/1/15492006741476/project/1209320181276845/list/1213837001964271
2026-03-27T15:58:00-0400,100%,Microsoft Teams,40,https://app.asana.com/1/15492006741476/project/1209320181276845/list/1209320519001389
2026-03-27T16:00:01-0400,100%,Google Chrome,41,https://app.asana.com/1/15492006741476/project/1208150140911285/task/1213813568952154
2026-03-27T16:02:00-0400,100%,Google Chrome,41,https://app.asana.com/1/15492006741476/project/1208150140911285/task/1213813568952154
2026-03-27T16:04:00-0400,100%,Google Chrome,42,https://**REDACTED_GITHUB_LINK**.com/oce-assetmanagement/trapeze-api-oas/pull/62
2026-03-27T16:06:00-0400,100%,Google Chrome,42,https://mbta.service-now.com/incident.do?sys_id=7429a20a83bbf61498af7f226daad31f&sysparm_record_target=incident&sysparm_record_row=2&sysparm_record_rows=206&sysparm_record_list=sys_id%21%3D6675c84f83537e1098af7f226daad3a9%5Ecaller_id%3Da57d597a1b037910ad81c806604bcb96%5EORDERBYDESCnumber
2026-03-27T16:08:00-0400,100%,Slack,42,https://app.asana.com/1/15492006741476/project/1211816961527249/task/1213409646558628
2026-03-27T16:10:00-0400,100%,Google Chrome,42,https://app.asana.com/1/15492006741476/project/1209320181276845/task/1211294668150131
2026-03-27T16:12:00-0400,100%,Google Chrome,37,https://mbta.service-now.com/incident.do?sys_id=9941e439833bbed098af7f226daad36e&sysparm_record_target=incident&sysparm_record_row=3&sysparm_record_rows=206&sysparm_record_list=sys_id%21%3D6675c84f83537e1098af7f226daad3a9%5Ecaller_id%3Da57d597a1b037910ad81c806604bcb96%5EORDERBYDESCnumber
2026-03-27T16:14:01-0400,100%,Google Chrome,38,https://mbta.service-now.com/incident.do?sys_id=3e5aea131b712a10ca6399fa234bcb10&sysparm_record_target=incident&sysparm_record_row=8&sysparm_record_rows=76&sysparm_record_list=sys_id%21%3D06c532311b8eca54d33fcae4604bcbe5%5Ecaller_id%3D64c5e2161b027514a77011f1b24bcb25%5EORDERBYDESCnumber
2026-03-27T16:16:00-0400,100%,Google Chrome,38,https://www.google.com/search?q=google+analytics+examples&oq=google+analytics+example&gs_lcrp=EgZjaHJvbWUqBwgAEAAYgAQyBwgAEAAYgAQyBggBEEUYOTIHCAIQABiABDIHCAMQABiABDIHCAQQABiABDIICAUQABgWGB4yCAgGEAAYFhgeMggIBxAAGBYYHjIICAgQABgWGB4yCAgJEAAYFhge0gEINDk3N2owajeoAgCwAgA&sourceid=chrome&ie=UTF-8
2026-03-27T16:18:00-0400,100%,Google Chrome,38,https://awesome-selfhosted.net/tags/analytics.html
2026-03-27T16:20:00-0400,100%,Google Chrome,41,https://developer.chrome.com/docs/devtools
2026-03-27T16:22:00-0400,100%,Google Chrome,44,chrome://newtab/
2026-03-27T16:24:00-0400,100%,Google Chrome,47,https://accounts.google.com/v3/signin/challenge/ipp/consent?TL=AIgtPP0z6LL0KjL4BmMCcAcZDMJ2YoJYwWbaVqVzfmvc_yXPLVBllTX1pMCPGJoO&checkConnection=youtube%3A83&checkedDomains=youtube&cid=5&dsh=S102908963%3A1774643029806514&flowName=GlifWebSignIn&pstMsg=1
2026-03-27T16:26:00-0400,100%,Google Chrome,48,https://mbta.service-now.com/incident.do?sys_id=581d4097db2f62000d99fb541d9619e0&sysparm_view=
2026-03-27T16:28:00-0400,100%,Google Chrome,51,https://gmailaccountrecovery.blogspot.com/
2026-03-27T16:30:00-0400,100%,Slack,51,https://gmailaccountrecovery.blogspot.com/
2026-03-27T16:32:00-0400,100%,Google Chrome,48,https://mbta.service-now.com/incident.do?sys_id=05d96d1a1b1651d0fa6865b1604bcb40&sysparm_view=
2026-03-27T16:34:00-0400,100%,Google Chrome,47,chrome://newtab/
2026-03-27T16:36:00-0400,100%,Google Chrome,47,https://accounts.google.com/lifecycle/steps/signup/verifyemail?TL=AIgtPP0IP22b1fOx7HT2N-ua41awBtuPsmSfJrNWYA_1G0v9gp0pNsee-yzn_Qr9&continue=https%3A%2F%2Faccounts.google.com%2F&dsh=S-718408052%3A1774643642425944&flowEntry=SignUp&flowName=GlifWebSignIn&followup=https%3A%2F%2Faccounts.google.com%2F&ifkv=AT1y2_U98HGYvQLO3_29cGmjTzpHwDSvgHjDIzFKrOhCTWlhqkBUJyH_X-swRRtvoCtbLLYaDOHqeg
2026-03-27T16:38:00-0400,100%,Google Chrome,48,https://accounts.google.com/lifecycle/steps/signup/mophoneverification/initial?TL=AIgtPP0IP22b1fOx7HT2N-ua41awBtuPsmSfJrNWYA_1G0v9gp0pNsee-yzn_Qr9&continue=https%3A%2F%2Faccounts.google.com%2F&dsh=S-718408052%3A1774643642425944&flowEntry=SignUp&flowName=GlifWebSignIn&followup=https%3A%2F%2Faccounts.google.com%2F&ifkv=AT1y2_U98HGYvQLO3_29cGmjTzpHwDSvgHjDIzFKrOhCTWlhqkBUJyH_X-swRRtvoCtbLLYaDOHqeg
2026-03-27T16:40:00-0400,100%,Google Chrome,47,https://app.asana.com/0/search?q=google%20analytics&sort=last_modified&searched_type=task&child=1213535088517633
2026-03-27T16:42:00-0400,100%,Google Chrome,47,https://app.asana.com/0/search?q=google%20analytics&sort=last_modified&searched_type=task&child=1213275420262048
2026-03-27T16:44:00-0400,100%,Google Chrome,48,https://app.asana.com/0/search?q=google%20analytics&sort=last_modified&searched_type=task&child=1213275420262048
2026-03-27T16:46:00-0400,100%,Google Chrome,50,https://form.asana.com/?hash=4268f0109aa3c3d9887d192cbca21a868e18f79f673aac116dff041bfdd1eff7&id=1145630124439633
2026-03-27T16:48:01-0400,100%,Google Chrome,50,https://app.asana.com/0/search?q=google%20analytics&sort=last_modified&searched_type=task&child=1213747368984990
2026-03-27T16:50:00-0400,100%,Google Chrome,52,https://form.asana.com/?k=sJ71OIUdofRzUg7jdO7R9A&d=15492006741476
2026-03-27T16:52:00-0400,100%,Google Chrome,51,https://**REDACTED_GITHUB_LINK**.com/gist/kdipippo/57150da4b096207ccb80c54d9580de44
2026-03-27T16:54:00-0400,100%,Google Chrome,48,https://form.asana.com/?k=sJ71OIUdofRzUg7jdO7R9A&d=15492006741476
2026-03-27T16:56:00-0400,100%,Google Chrome,48,https://form.asana.com/?k=sJ71OIUdofRzUg7jdO7R9A&d=15492006741476
2026-03-27T16:58:00-0400,100%,Google Chrome,48,https://app.asana.com/1/15492006741476/project/1211639424539463/task/1213837730740325?focus=true
2026-03-27T17:04:01-0400,100%,Google Chrome,46,https://**REDACTED_GITHUB_LINK**.com/oce-assetmanagement/recon-splunk-vcs/pull/51
2026-03-27T17:06:02-0400,100%,Google Chrome,46,https://**REDACTED_GITHUB_LINK**.com/oce-assetmanagement/recon-splunk-vcs/pull/51
2026-03-27T17:09:01-0400,100%,Google Chrome,46,https://**REDACTED_GITHUB_LINK**.com/oce-assetmanagement/recon-splunk-vcs/pull/51
2026-03-27T18:00:01-0400,100%,Google Chrome,46,https://**REDACTED_GITHUB_LINK**.com/oce-assetmanagement/recon-splunk-vcs/pull/51
2026-03-27T23:00:25-0400,100%,Google Chrome,46,https://**REDACTED_GITHUB_LINK**.com/oce-assetmanagement/recon-splunk-vcs/pull/51
